{"cameraMode":{"drawMode":0,"name":"Shaded","section":"Shading Mode"},"sceneLighting":true,"audioPlay":false,"sceneViewState":{"showFog":true,"showMaterialUpdate":false,"showSkybox":true,"showFlares":true,"showImageEffects":true,"showParticleSystems":true},"in2DMode":false,"pivot":{"x":8.803608894348145,"y":3.5640430450439455,"z":2.059291362762451},"rotation":{"x":0.08222808688879013,"y":-0.6865397095680237,"z":0.0786048099398613,"w":0.7181516289710999},"size":2.3974573612213136,"orthographic":false}