{"cameraMode":{"drawMode":0,"name":"Shaded","section":"Shading Mode"},"sceneLighting":true,"audioPlay":false,"sceneViewState":{"showFog":true,"showMaterialUpdate":false,"showSkybox":true,"showFlares":true,"showImageEffects":true,"showParticleSystems":true},"in2DMode":false,"pivot":{"x":6.259373188018799,"y":14.350088119506836,"z":16.418941497802736},"rotation":{"x":-0.0005883369012735784,"y":-0.9948205947875977,"z":-0.005970234051346779,"w":0.10185257345438004},"size":0.028422534465789796,"orthographic":false}