{"cameraMode":{"drawMode":0,"name":"Shaded","section":"Shading Mode"},"sceneLighting":true,"audioPlay":false,"sceneViewState":{"showFog":true,"showMaterialUpdate":false,"showSkybox":true,"showFlares":true,"showImageEffects":true,"showParticleSystems":true},"in2DMode":false,"pivot":{"x":1.9327607154846192,"y":-5.680873870849609,"z":-16.499244689941408},"rotation":{"x":0.036903005093336108,"y":-0.9282967448234558,"z":0.35738465189933779,"w":0.09585903584957123},"size":55.83851623535156,"orthographic":false}